Date,Latitude,Longitude,Humidity,Temperature,Fire,DistanceFromReference
2023-04-01,48.385640646055094,85.54256258422038,444.9250577162136,463.96537027171,1,58.78971247229898
2023-04-01,48.385640646055094,85.88897274573415,710.2096681626687,706.4537611482864,1,78.61864749230901
2023-04-01,48.73205080756887,85.54256258422038,594.262440867225,611.0432609531449,1,90.73276041018403
2023-04-01,48.73205080756887,85.88897274573415,605.9270084162213,597.7887544970625,1,104.58754026103598
2023-04-02,48.385640646055094,80.0,2702.9609979275606,2307.83636435409,1,373.0312700236656
2023-04-02,48.385640646055094,80.34641016151377,2317.3334286461627,1961.5832414051947,1,347.5490290063163
2023-04-02,48.385640646055094,80.69282032302755,1389.8145522197528,1198.2134786210888,1,322.09405719972335
2023-04-02,48.385640646055094,81.03923048454132,1544.086427194566,1408.3234372609618,1,296.673958156285
2023-04-02,48.73205080756887,80.0,2544.8374861606308,2136.8220964600073,1,378.15982361494514
2023-04-02,48.73205080756887,80.34641016151377,2344.945882509252,1981.5091504162588,1,353.22495789124105
2023-04-02,48.73205080756887,80.69282032302755,2323.3905216211756,1985.8669401678428,1,328.38723224741364
2023-04-02,48.73205080756887,81.03923048454132,2225.125216982822,1925.5612710962941,1,303.671053369724
2023-04-04,48.385640646055094,84.15692193816528,2716.95081270612,2324.17279696137,1,75.79006724995921
2023-04-04,48.385640646055094,84.50333209967906,2176.3698022498156,1849.130885247745,1,56.517008770545985
2023-04-04,48.385640646055094,84.84974226119283,795.1838811408418,705.1732343278815,1,44.304123967601406
2023-04-04,48.385640646055094,85.1961524227066,417.46080219740037,392.9523629367305,1,45.27922992562592
2023-04-04,48.385640646055094,85.54256258422038,498.40677086201055,500.1804724186481,1,58.78971247229898
2023-04-04,48.73205080756887,84.15692193816528,1014.781762451339,864.7077533472183,1,102.49277215005155
2023-04-04,48.73205080756887,84.50333209967906,971.2347498666227,862.5420148480781,1,89.28694824767813
2023-04-04,48.73205080756887,84.84974226119283,803.224576497496,731.5122002113599,1,82.15364533769188
2023-04-04,48.73205080756887,85.1961524227066,595.4459309883712,544.2967260350262,1,82.67998706407322
2023-04-04,48.73205080756887,85.54256258422038,578.4264282782892,543.6726066691044,1,90.73276041018403
2023-04-05,48.385640646055094,80.0,2652.8710194414284,2282.6536993980058,1,373.0312700236656
2023-04-05,48.385640646055094,80.34641016151377,2370.9546519536375,2018.409324410119,1,347.5490290063163
2023-04-05,48.73205080756887,80.0,2547.762879840568,2145.388329198903,1,378.15982361494514
2023-04-05,48.73205080756887,80.34641016151377,2331.0979017008526,1955.3114589741926,1,353.22495789124105
2023-04-05,48.73205080756887,80.69282032302755,2542.388651139822,2139.8476668586927,1,328.38723224741364
2023-04-06,47.69282032302755,83.46410161513774,2293.942774898468,2001.8922416071857,1,119.59554177652433
2023-04-06,47.69282032302755,83.81051177665151,101.19054686608055,97.1210183810937,1,95.10944239961141
2023-04-06,48.03923048454132,83.46410161513774,94.8606257220289,93.4911122332581,1,114.31477765842243
2023-04-06,48.03923048454132,83.81051177665151,91.42003107783582,90.21802514479444,1,88.57553764443719
2023-04-07,47.0,82.07846096908264,1964.934974301875,1627.5822864647712,1,246.01057525783426
2023-04-07,47.0,82.42487113059642,2643.9072750825294,2149.304082570724,1,223.11251922330297
2023-04-07,47.346410161513774,82.07846096908264,2468.697721052324,2086.7298448298593,1,230.48675977762431
2023-04-07,47.346410161513774,82.42487113059642,2386.830878081769,2113.3471281592483,1,206.03956971884844
2023-04-07,47.69282032302755,82.07846096908264,2459.325015257712,2115.5604205381123,1,220.66575049343547
2023-04-07,47.69282032302755,82.42487113059642,2756.216697966766,2459.2453779790603,1,195.1715982694235
2023-04-09,48.385640646055094,81.3856406460551,834.3285536513742,791.1822261512943,1,271.29912400956573
2023-04-09,48.385640646055094,81.73205080756887,754.1138664633236,723.1724034535027,1,245.98415884520344
2023-04-09,48.385640646055094,82.07846096908264,802.7308441320296,711.5488467335964,1,220.7502633433587
2023-04-09,48.385640646055094,82.42487113059642,1066.4246063627693,850.772065835217,1,195.62942298364956
2023-04-09,48.73205080756887,81.3856406460551,1280.3447714691122,1087.9484351503422,1,279.1092856032231
2023-04-09,48.73205080756887,81.73205080756887,1294.3594367067683,1117.7927182832661,1,254.7471704517263
2023-04-09,48.73205080756887,82.07846096908264,1060.6693086129176,916.3259350174599,1,230.64855751343276
2023-04-09,48.73205080756887,82.42487113059642,769.8491126348513,664.9082361601777,1,206.90611643955828
2023-04-10,48.385640646055094,80.0,2437.1478511793143,2053.1077280173686,1,373.0312700236656
2023-04-10,48.385640646055094,80.34641016151377,2302.5110540099117,1904.0245635278216,1,347.5490290063163
2023-04-10,48.73205080756887,80.0,2547.3442859847673,2187.180439233527,1,378.15982361494514
2023-04-10,48.73205080756887,80.34641016151377,2464.4240994116662,2088.1588473608404,1,353.22495789124105
2023-04-10,48.73205080756887,80.69282032302755,2650.548302243296,2283.9209751217973,1,328.38723224741364
2023-04-12,47.69282032302755,80.0,2495.1835576481185,2121.988836539922,1,374.6191119349818
2023-04-12,47.69282032302755,80.34641016151377,2586.15817122414,2201.506413749588,1,348.8965313339888
2023-04-12,47.69282032302755,80.69282032302755,2502.4707685445987,2091.310741879118,1,323.19065428376916
2023-04-12,47.69282032302755,81.03923048454132,2492.6875373642397,2032.382275801398,1,297.50639474665246
2023-04-12,48.03923048454132,80.0,2745.539038538705,2327.9563175195112,1,371.83850080708066
2023-04-12,48.03923048454132,80.34641016151377,2659.143221566672,2264.066015168074,1,346.08857313322574
2023-04-12,48.03923048454132,80.69282032302755,2491.3616953402393,2112.7700674256043,1,320.3372024058248
2023-04-12,48.03923048454132,81.03923048454132,2366.013121503809,1973.536438999921,1,294.5845993819512
2023-04-12,48.385640646055094,80.0,2802.319695289094,2363.4310524638186,1,373.0312700236656
2023-04-12,48.385640646055094,80.34641016151377,2573.6477074122017,2159.8503512187062,1,347.5490290063163
2023-04-12,48.385640646055094,80.69282032302755,2258.922037945094,1870.260301574816,1,322.09405719972335
2023-04-12,48.385640646055094,81.03923048454132,1697.160842061788,1443.835543709912,1,296.673958156285
2023-04-12,48.73205080756887,80.0,2859.1064060736226,2432.86428341046,1,378.15982361494514
2023-04-12,48.73205080756887,80.34641016151377,2618.972865270905,2201.3515107141698,1,353.22495789124105
2023-04-12,48.73205080756887,80.69282032302755,2253.3452089239186,1885.9713587127756,1,328.38723224741364
2023-04-12,48.73205080756887,81.03923048454132,1988.2336241966862,1789.5065444254458,1,303.671053369724
2023-04-13,47.0,85.54256258422038,1370.1250685800496,1215.3132393786645,1,118.42874308774248
2023-04-13,47.0,85.88897274573415,2235.3243786615385,1935.8967290427922,1,129.70553707212906
2023-04-13,47.346410161513774,85.88897274573415,2979.2983052340337,2647.9734889109786,1,98.54884777399778
2023-04-13,47.69282032302755,85.88897274573415,4222.9407059471505,3990.3212358002525,1,74.61603475836898
2023-04-19,47.0,84.15692193816528,2713.8535056313553,2319.2116258234623,1,127.96478938629585
2023-04-19,47.0,84.50333209967906,2282.7285712396906,1936.2923702135809,1,117.28699931899834
2023-04-19,47.0,84.84974226119283,1619.10000816298,1313.2631653962217,1,111.76631371778547
2023-04-19,47.346410161513774,84.15692193816528,2294.391227688333,1920.3920999784377,1,96.26144443014688
2023-04-19,47.346410161513774,84.50333209967906,2496.5353416607722,2113.553148237482,1,81.63712960566083
2023-04-19,47.346410161513774,84.84974226119283,2574.3295811969265,2154.998496125384,1,73.54147037203057
2023-04-19,47.69282032302755,84.15692193816528,273.4327932399791,224.4282826857472,0,71.58828789577724
2023-04-19,47.69282032302755,84.50333209967906,2431.9253492449748,1938.392761690751,1,50.40241245909486
2023-04-19,47.69282032302755,84.84974226119283,3392.871264879251,3009.440855486221,1,35.950224083182356
2023-04-21,47.69282032302755,85.54256258422038,4085.4817083753824,4117.460026072815,1,52.9717712245952
2023-04-21,47.69282032302755,85.88897274573415,3686.958935525957,3574.779477663511,1,74.61603475836898
2023-04-21,48.03923048454132,85.54256258422038,4356.447577728057,4348.4208031850885,1,40.5884450389428
2023-04-21,48.03923048454132,85.88897274573415,3498.004944511165,3265.411133666427,1,66.2612864949239
2023-04-21,48.385640646055094,85.54256258422038,1657.5286289436062,1490.1589083320434,1,58.78971247229898
2023-04-21,48.385640646055094,85.88897274573415,1242.2922107994132,1118.286731410667,1,78.61864749230901
2023-04-21,48.73205080756887,85.54256258422038,796.7800928179661,846.0439100379718,1,90.73276041018403
2023-04-21,48.73205080756887,85.88897274573415,811.2528252128493,804.4667469761853,1,104.58754026103598
2023-04-22,48.385640646055094,80.69282032302755,2439.5250910987615,2165.6070039192387,1,322.09405719972335
2023-04-22,48.385640646055094,81.03923048454132,2032.7751496850926,1866.7114775149687,1,296.673958156285
2023-04-22,48.385640646055094,81.3856406460551,2215.271424634662,1860.3841213041005,1,271.29912400956573
2023-04-22,48.385640646055094,81.73205080756887,2084.6482261186,1765.309950896884,1,245.98415884520344
2023-04-22,48.385640646055094,82.07846096908264,2272.1119115227834,1924.7078528992188,1,220.7502633433587
2023-04-22,48.385640646055094,82.42487113059642,2105.775748792996,1792.1932970919277,0,195.62942298364956
2023-04-22,48.73205080756887,80.69282032302755,2599.1188465928526,2191.5637243656415,1,328.38723224741364
2023-04-22,48.73205080756887,81.03923048454132,2272.744108528622,1973.1004109619778,1,303.671053369724
2023-04-22,48.73205080756887,81.3856406460551,2118.6832085695673,1740.1826999775803,1,279.1092856032231
2023-04-22,48.73205080756887,81.73205080756887,1962.4481461163334,1629.9786380704936,1,254.7471704517263
2023-04-22,48.73205080756887,82.07846096908264,1810.345095425006,1513.0033015102895,1,230.64855751343276
2023-04-22,48.73205080756887,82.42487113059642,2065.399593978743,1741.267824522927,1,206.90611643955828
2023-04-23,47.0,85.54256258422038,1206.8132014696257,1250.4939352760578,1,118.42874308774248
2023-04-23,47.0,85.88897274573415,1906.337926550377,1746.263342949243,1,129.70553707212906
2023-04-23,47.346410161513774,85.88897274573415,3123.9079761990497,2791.8351789703383,1,98.54884777399778
2023-04-23,47.69282032302755,85.88897274573415,4254.791844283761,4016.233995936459,1,74.61603475836898
2023-04-24,47.0,80.69282032302755,3136.0897482285827,2714.3912749932856,1,342.0812080964291
2023-04-24,47.0,81.03923048454132,3115.2333210054294,2705.475522905286,1,317.5940051150226
2023-04-24,47.346410161513774,80.69282032302755,2711.137033343835,2219.002412058841,1,330.535034378596
2023-04-24,47.346410161513774,81.03923048454132,2723.7884086082113,2277.7214281758247,1,305.29550206060225
2023-04-24,47.69282032302755,81.03923048454132,2814.274106949612,2377.23320664962,1,297.50639474665246
2023-04-25,47.69282032302755,80.0,2500.0356341408474,2096.637284365308,1,374.6191119349818
2023-04-25,48.03923048454132,80.0,2837.262738017484,2426.666675254535,1,371.83850080708066
2023-04-25,48.03923048454132,80.34641016151377,2905.6906509245277,2458.083306049875,1,346.08857313322574
2023-04-25,48.385640646055094,80.0,2770.84667893797,2338.7734310256888,1,373.0312700236656
2023-04-25,48.385640646055094,80.34641016151377,2673.2596368425266,2246.008677867352,1,347.5490290063163
2023-04-25,48.73205080756887,80.0,2831.211711180866,2392.4297335351343,1,378.15982361494514
2023-04-25,48.73205080756887,80.34641016151377,2591.820882725384,2153.5628187765997,1,353.22495789124105
2023-04-26,47.0,83.11769145362396,1574.7840879955895,1306.4358710885863,1,179.8773704632817
2023-04-26,47.0,83.46410161513774,1945.3287057272933,1598.4752755132158,1,160.23387230080854
2023-04-26,47.346410161513774,83.11769145362396,3152.2996796925054,2662.701825752722,1,158.5647369351769
2023-04-26,47.346410161513774,83.46410161513774,3259.539026174887,2834.588234678756,1,136.03468466174027
2023-04-26,47.69282032302755,83.46410161513774,3191.64677339523,2887.1077852248686,1,119.59554177652433
2023-04-27,47.0,80.0,2566.9005774050406,2228.384116759335,1,391.6412817545401
2023-04-27,47.0,80.34641016151377,2762.692854752441,2430.8460709101323,1,366.7769297734493
2023-04-27,47.0,80.69282032302755,2850.7734603533104,2423.4732753710964,1,342.0812080964291
2023-04-27,47.0,81.03923048454132,2914.926080602883,2510.1989435626124,1,317.5940051150226
2023-04-27,47.346410161513774,80.0,2492.9650047038426,2210.070167591864,1,381.2861830437016
2023-04-27,47.346410161513774,80.34641016151377,2446.845179839525,2059.715526995067,1,355.8718798635008
2023-04-27,47.346410161513774,80.69282032302755,2607.6034549832607,2121.1594898377557,1,330.535034378596
2023-04-27,47.346410161513774,81.03923048454132,2570.1301480157417,2115.0391080983054,1,305.29550206060225
2023-04-27,47.69282032302755,80.0,2662.9357968714903,2349.8088015737676,1,374.6191119349818
2023-04-27,47.69282032302755,80.34641016151377,2677.2254516883854,2313.5850461645678,1,348.8965313339888
2023-04-27,47.69282032302755,80.69282032302755,2548.265876036358,2155.420399236601,1,323.19065428376916
2023-04-27,47.69282032302755,81.03923048454132,2671.3936293684696,2254.915106284421,1,297.50639474665246
2023-04-28,47.0,85.54256258422038,1080.8341864830072,910.9749173995999,1,118.42874308774248
2023-04-28,47.0,85.88897274573415,2656.54351514212,2283.1440903044377,1,129.70553707212906
2023-04-28,47.346410161513774,85.88897274573415,3247.4353740706606,2991.584556589001,1,98.54884777399778
2023-04-28,47.69282032302755,85.88897274573415,4360.86115213254,4223.382910211672,1,74.61603475836898
2023-04-29,47.0,82.07846096908264,1956.2132765627039,1498.5634999246522,1,246.01057525783426
2023-04-29,47.0,82.42487113059642,2164.5468558314324,1681.8889959919125,1,223.11251922330297
2023-04-29,47.0,82.77128129211019,2220.2740078354154,1762.3759494067556,1,200.97434938181047
2023-04-29,47.0,83.11769145362396,1991.2088056444795,1609.1563079684552,1,179.8773704632817
2023-04-29,47.0,83.46410161513774,2008.0688619881514,1605.3302627266642,1,160.23387230080854
2023-04-29,47.346410161513774,82.07846096908264,2628.9671753094867,2140.2854654403973,1,230.48675977762431
2023-04-29,47.346410161513774,82.42487113059642,2686.82193235882,2287.6236405527197,1,206.03956971884844
2023-04-29,47.346410161513774,82.77128129211019,2980.4004425106923,2589.3533580171998,1,182.00307304841758
2023-04-29,47.346410161513774,83.11769145362396,3045.260446269749,2613.1733411873292,1,158.5647369351769
2023-04-29,47.346410161513774,83.46410161513774,3086.797201770906,2665.767445121545,1,136.03468466174027
2023-04-29,47.69282032302755,82.07846096908264,2594.0749324692324,2096.0087112638857,1,220.66575049343547
2023-04-29,47.69282032302755,82.42487113059642,3047.2843351626957,2584.467058841905,1,195.1715982694235
2023-04-29,47.69282032302755,82.77128129211019,3188.95828700355,2733.8530400620707,1,169.78313492716265
2023-04-29,47.69282032302755,83.11769145362396,3283.7016626200434,2861.26040753025,1,144.55670191235706
2023-04-29,47.69282032302755,83.46410161513774,3115.117601259819,2780.582919299356,1,119.59554177652433
2023-04-30,48.385640646055094,80.0,2995.459000888187,2589.9802017171596,1,373.0312700236656
2023-04-30,48.385640646055094,80.34641016151377,2814.6803718522983,2376.4077894967977,1,347.5490290063163
2023-04-30,48.73205080756887,80.0,2683.020857094258,2301.2455526281124,1,378.15982361494514
2023-04-30,48.73205080756887,80.34641016151377,2644.624501015554,2223.6438020894143,1,353.22495789124105
2023-04-30,48.73205080756887,80.69282032302755,2621.4255394811275,2207.409132789138,1,328.38723224741364
2023-05-04,48.385640646055094,81.3856406460551,2818.9030849147,2456.947887954476,1,271.29912400956573
2023-05-04,48.385640646055094,81.73205080756887,2698.248828790463,2371.377423840066,1,245.98415884520344
2023-05-04,48.385640646055094,82.07846096908264,3533.277342270665,3046.246694528474,1,220.7502633433587
2023-05-04,48.385640646055094,82.42487113059642,3082.95776799994,2614.11710754537,1,195.62942298364956
2023-05-04,48.73205080756887,81.3856406460551,2776.5839742908083,2353.223852761496,1,279.1092856032231
2023-05-04,48.73205080756887,81.73205080756887,2645.5014618083796,2222.9302771715734,1,254.7471704517263
2023-05-04,48.73205080756887,82.07846096908264,2857.950570560597,2433.4211415062473,1,230.64855751343276
2023-05-04,48.73205080756887,82.42487113059642,2972.7794446995276,2523.381828461713,1,206.90611643955828
2023-05-05,48.385640646055094,80.0,2924.465355570907,2414.0787423270494,1,373.0312700236656
2023-05-05,48.385640646055094,80.34641016151377,2743.872856361897,2232.9432226322265,1,347.5490290063163
2023-05-05,48.73205080756887,80.0,2875.248597770937,2341.899896345119,1,378.15982361494514
2023-05-05,48.73205080756887,80.34641016151377,2684.3628932232114,2171.8496509165698,1,353.22495789124105
2023-05-05,48.73205080756887,80.69282032302755,2659.2874142825667,2160.8981372256726,1,328.38723224741364
2023-05-06,48.385640646055094,84.15692193816528,2885.220024920653,2289.6888197546928,1,75.79006724995921
2023-05-06,48.385640646055094,84.50333209967906,2837.3309903872478,2257.408035295613,1,56.517008770545985
2023-05-06,48.385640646055094,84.84974226119283,1480.8760614421333,1198.1471888349206,1,44.304123967601406
2023-05-06,48.385640646055094,85.1961524227066,697.569703891019,573.5665042713165,1,45.27922992562592
2023-05-06,48.385640646055094,85.54256258422038,353.57382674828415,304.059369230905,1,58.78971247229898
2023-05-06,48.73205080756887,84.15692193816528,2058.575564365482,1587.2458114865235,1,102.49277215005155
2023-05-06,48.73205080756887,84.50333209967906,1761.9868361488486,1402.1680037484994,1,89.28694824767813
2023-05-06,48.73205080756887,84.84974226119283,1568.7310012701175,1280.1311322435756,1,82.15364533769188
2023-05-06,48.73205080756887,85.1961524227066,1064.824685491208,895.9690112752183,1,82.67998706407322
2023-05-06,48.73205080756887,85.54256258422038,673.0953203488308,613.6252025148632,1,90.73276041018403
2023-05-09,47.0,80.69282032302755,3134.9889931113307,2452.8418166471506,1,342.0812080964291
2023-05-09,47.0,81.03923048454132,3043.939875701886,2482.0930989371063,1,317.5940051150226
2023-05-09,47.0,81.3856406460551,2721.980987478288,2171.0232734512165,1,293.36808799124566
2023-05-09,47.0,81.73205080756887,2593.106605516178,2050.5497773286324,1,269.47448162886354
2023-05-09,47.0,82.07846096908264,2280.244412543637,1702.5418885604797,1,246.01057525783426
2023-05-09,47.0,82.42487113059642,2166.2702630735703,1643.2510188515755,1,223.11251922330297
2023-05-09,47.346410161513774,80.69282032302755,2759.9960557382233,2057.0952694340144,1,330.535034378596
2023-05-09,47.346410161513774,81.03923048454132,2795.927452484882,2182.6580650655987,1,305.29550206060225
2023-05-09,47.346410161513774,81.3856406460551,2615.0500694050097,2039.2062990219265,1,280.1801559533796
2023-05-09,47.346410161513774,81.73205080756887,2653.197194031696,2126.9027915336987,1,255.22623627715782
2023-05-09,47.346410161513774,82.07846096908264,2707.1780290528145,2147.0228154741517,1,230.48675977762431
2023-05-09,47.346410161513774,82.42487113059642,2694.2114985666553,2245.083359576131,1,206.03956971884844
2023-05-09,47.69282032302755,81.03923048454132,3052.0719484065567,2484.656602504864,1,297.50639474665246
2023-05-09,47.69282032302755,81.3856406460551,2948.207045525877,2385.2365752555374,1,271.8504698009851
2023-05-09,47.69282032302755,81.73205080756887,2734.517466878046,2256.474816458106,1,246.2323330092344
2023-05-09,47.69282032302755,82.07846096908264,2622.267669493196,2095.819508883658,1,220.66575049343547
2023-05-09,47.69282032302755,82.42487113059642,2617.0234961045217,2117.311259461443,1,195.1715982694235
2023-05-10,47.346410161513774,80.0,2691.833057233054,2376.3190247180196,1,381.2861830437016
2023-05-10,47.69282032302755,80.0,2584.637820030482,2135.06074935849,1,374.6191119349818
2023-05-11,47.69282032302755,83.46410161513774,2696.704352433859,2331.169230254543,1,119.59554177652433
2023-05-11,47.69282032302755,83.81051177665151,43.96871789017011,36.37675533736728,0,95.10944239961141
2023-05-11,48.03923048454132,83.46410161513774,1136.0529755729285,1020.5867660779688,0,114.31477765842243
2023-05-11,48.03923048454132,83.81051177665151,2672.193115838139,2344.733898426579,1,88.57553764443719
2023-05-11,48.385640646055094,83.81051177665151,7.033916849015318,26.117067833698037,0,98.04432491995262
2023-05-12,48.385640646055094,80.0,3233.935919471034,2518.2809576630793,1,373.0312700236656
2023-05-12,48.385640646055094,80.34641016151377,3043.7145878992787,2328.3115056123556,1,347.5490290063163
2023-05-12,48.385640646055094,80.69282032302755,2904.4929288753224,2231.9791045218626,1,322.09405719972335
2023-05-12,48.385640646055094,81.03923048454132,2833.0116574365884,2405.90586543463,1,296.673958156285
2023-05-12,48.73205080756887,80.0,3133.0628071537867,2419.361605976679,1,378.15982361494514
2023-05-12,48.73205080756887,80.34641016151377,2868.6399074872947,2205.4137356616275,1,353.22495789124105
2023-05-12,48.73205080756887,80.69282032302755,2892.8850239169074,2249.701779731413,1,328.38723224741364
2023-05-12,48.73205080756887,81.03923048454132,2956.505779700469,2355.206220943236,1,303.671053369724
2023-05-15,47.69282032302755,80.0,2416.7243583968175,1865.4580634612369,1,374.6191119349818
2023-05-16,47.0,83.11769145362396,2160.0536117436327,1610.5235262529116,1,179.8773704632817
2023-05-16,47.0,83.46410161513774,2512.74698945431,1905.034634284182,1,160.23387230080854
2023-05-16,47.346410161513774,83.11769145362396,2947.755754168469,2295.742347796838,1,158.5647369351769
2023-05-16,47.346410161513774,83.46410161513774,3204.8880112085776,2634.9174924790123,1,136.03468466174027
2023-05-16,47.69282032302755,83.46410161513774,3161.6154206164324,2753.0114017293577,1,119.59554177652433
2023-05-17,47.69282032302755,80.0,2754.832672388587,2225.2205423005,1,374.6191119349818
2023-05-17,47.69282032302755,80.34641016151377,2883.7739373392333,2367.084568750434,1,348.8965313339888
2023-05-17,47.69282032302755,80.69282032302755,2811.8714515593088,2266.0920163761375,1,323.19065428376916
2023-05-17,47.69282032302755,81.03923048454132,2752.044007059348,2176.6383828042754,1,297.50639474665246
2023-05-17,48.03923048454132,80.0,3168.2868496973665,2660.9112633772556,1,371.83850080708066
2023-05-17,48.03923048454132,80.34641016151377,2929.2968089486776,2406.888569107782,1,346.08857313322574
2023-05-17,48.03923048454132,80.69282032302755,2801.9614531469624,2273.149001107112,1,320.3372024058248
2023-05-17,48.03923048454132,81.03923048454132,2792.8494327227627,2244.9877105305964,1,294.5845993819512
2023-05-17,48.385640646055094,80.0,3023.593367597374,2488.174122043728,1,373.0312700236656
2023-05-17,48.385640646055094,80.34641016151377,2941.8628576774513,2373.475836560976,1,347.5490290063163
2023-05-17,48.385640646055094,80.69282032302755,2780.9574338168286,2220.3508137068998,1,322.09405719972335
2023-05-17,48.385640646055094,81.03923048454132,2554.5714581601214,2074.5296013607117,1,296.673958156285
2023-05-17,48.73205080756887,80.0,3071.345777871516,2516.3634398531312,1,378.15982361494514
2023-05-17,48.73205080756887,80.34641016151377,2911.1682353204274,2323.2870887872996,1,353.22495789124105
2023-05-17,48.73205080756887,80.69282032302755,2621.2550195657745,2063.2638014702434,1,328.38723224741364
2023-05-17,48.73205080756887,81.03923048454132,2704.3607589961284,2415.3972053534576,1,303.671053369724
2023-05-18,47.0,85.54256258422038,2465.5098118326728,1992.9704417078894,1,118.42874308774248
2023-05-18,47.0,85.88897274573415,3136.6143548465107,2605.8516702757247,1,129.70553707212906
2023-05-18,47.346410161513774,85.88897274573415,3241.1643272492024,2940.24830309379,1,98.54884777399778
2023-05-18,47.69282032302755,85.88897274573415,4304.953032984654,4138.686008904909,1,74.61603475836898
2023-05-19,47.0,80.69282032302755,3252.374507702174,2558.9720812298638,1,342.0812080964291
2023-05-19,47.0,81.03923048454132,3281.510733682436,2647.2949997538403,1,317.5940051150226
2023-05-19,47.346410161513774,80.69282032302755,2823.3345204882503,1980.5909842120066,1,330.535034378596
2023-05-19,47.346410161513774,81.03923048454132,2864.291240729848,2075.9290477660034,1,305.29550206060225
2023-05-19,47.69282032302755,81.03923048454132,2901.445465711221,2222.7343017145035,1,297.50639474665246
2023-05-20,47.69282032302755,80.0,2424.858244876698,1927.9270958184081,1,374.6191119349818
2023-05-22,47.69282032302755,80.0,2687.6609987663473,2095.19416180439,1,374.6191119349818
2023-05-22,47.69282032302755,80.34641016151377,2801.7737879818787,2230.772218937281,1,348.8965313339888
2023-05-22,47.69282032302755,80.69282032302755,2716.5695526575696,2129.812147302528,1,323.19065428376916
2023-05-22,47.69282032302755,81.03923048454132,2646.5185722395368,2041.7619801141257,1,297.50639474665246
2023-05-22,48.03923048454132,80.0,3113.6693068319487,2523.935163059948,1,371.83850080708066
2023-05-22,48.03923048454132,80.34641016151377,2860.230229256139,2279.0483306397314,1,346.08857313322574
2023-05-22,48.03923048454132,80.69282032302755,2715.469991734275,2144.406572971527,1,320.3372024058248
2023-05-22,48.03923048454132,81.03923048454132,2700.3168081065687,2113.157337823229,1,294.5845993819512
2023-05-22,48.385640646055094,80.0,2971.0709659272025,2367.718578122009,1,373.0312700236656
2023-05-22,48.385640646055094,80.34641016151377,2873.4614319242605,2242.3255332190697,1,347.5490290063163
2023-05-22,48.385640646055094,80.69282032302755,2694.521058356901,2087.32024883389,1,322.09405719972335
2023-05-22,48.385640646055094,81.03923048454132,2460.399918813399,1935.9921193205764,1,296.673958156285
2023-05-22,48.73205080756887,80.0,3007.4905813102528,2392.4478421059243,1,378.15982361494514
2023-05-22,48.73205080756887,80.34641016151377,2843.4354523200113,2204.260895809353,1,353.22495789124105
2023-05-22,48.73205080756887,80.69282032302755,2558.6711937517784,1953.4722288954097,1,328.38723224741364
2023-05-22,48.73205080756887,81.03923048454132,2639.161242458188,2282.1156967946076,1,303.671053369724
2023-05-23,47.0,85.54256258422038,4220.120365690952,3532.7779119835036,1,118.42874308774248
2023-05-23,47.0,85.88897274573415,3603.346352467239,2915.533512294347,1,129.70553707212906
2023-05-23,47.346410161513774,85.88897274573415,3243.6205751336497,2814.553594887922,1,98.54884777399778
2023-05-23,47.69282032302755,85.88897274573415,4332.697579952813,3997.4442206518156,1,74.61603475836898
2023-05-24,48.385640646055094,81.3856406460551,2690.896374894623,2165.7580101433473,1,271.29912400956573
2023-05-24,48.385640646055094,81.73205080756887,2717.5691968759406,2220.602469874237,1,245.98415884520344
2023-05-24,48.385640646055094,82.07846096908264,2794.5491842786314,2272.470629091141,1,220.7502633433587
2023-05-24,48.385640646055094,82.42487113059642,2882.4793363918275,2292.8103558315374,1,195.62942298364956
2023-05-24,48.73205080756887,81.3856406460551,2716.0030261979578,2126.5316239262397,1,279.1092856032231
2023-05-24,48.73205080756887,81.73205080756887,2518.751699720282,1898.5608923697957,1,254.7471704517263
2023-05-24,48.73205080756887,82.07846096908264,2577.6157732229194,1982.0072410858154,1,230.64855751343276
2023-05-24,48.73205080756887,82.42487113059642,2635.2411864927753,2000.4092049193089,1,206.90611643955828
2023-05-25,48.385640646055094,80.0,2876.818706404815,2291.0893784663963,1,373.0312700236656
2023-05-25,48.385640646055094,80.34641016151377,2670.1680146588824,2054.3661680942037,1,347.5490290063163
2023-05-25,48.73205080756887,80.0,2762.792173735844,2153.921632740818,1,378.15982361494514
2023-05-25,48.73205080756887,80.34641016151377,2654.509492921096,2036.139819330649,1,353.22495789124105
2023-05-25,48.73205080756887,80.69282032302755,2656.1769294281216,2072.5494090039974,1,328.38723224741364
2023-05-27,48.385640646055094,80.0,3053.5178178229535,2534.334509424651,1,373.0312700236656
2023-05-27,48.385640646055094,80.34641016151377,2893.317496511064,2325.272371031183,1,347.5490290063163
2023-05-27,48.385640646055094,80.69282032302755,2693.208529822092,2136.93872021373,1,322.09405719972335
2023-05-27,48.385640646055094,81.03923048454132,2688.329761649789,2328.276137441484,1,296.673958156285
2023-05-27,48.73205080756887,80.0,2942.8225677206447,2386.7323854100123,1,378.15982361494514
2023-05-27,48.73205080756887,80.34641016151377,2846.346944450816,2283.6957670127968,1,353.22495789124105
2023-05-27,48.73205080756887,80.69282032302755,2707.247195866733,2207.088642207211,1,328.38723224741364
2023-05-27,48.73205080756887,81.03923048454132,2771.257780320506,2305.2837650113097,1,303.671053369724
2023-05-29,47.0,80.69282032302755,3227.571096510721,2465.7394154746985,1,342.0812080964291
2023-05-29,47.0,81.03923048454132,3401.299568683442,2675.188734616638,1,317.5940051150226
2023-05-29,47.346410161513774,80.69282032302755,2726.872338141891,1864.2399694746666,1,330.535034378596
2023-05-29,47.346410161513774,81.03923048454132,2809.119688513704,1977.4797094347823,1,305.29550206060225
2023-05-29,47.69282032302755,81.03923048454132,3022.859957069435,2278.215377108513,1,297.50639474665246
2023-05-31,47.69282032302755,83.46410161513774,2378.3460993752797,1925.474342561653,1,119.59554177652433
2023-05-31,47.69282032302755,83.81051177665151,107.46226738212123,102.61125699280733,0,95.10944239961141
2023-05-31,48.03923048454132,83.46410161513774,1187.5635048584343,1059.3280721546632,0,114.31477765842243
2023-05-31,48.03923048454132,83.81051177665151,2779.4764415686554,2422.4447860436862,1,88.57553764443719
2023-05-31,48.385640646055094,83.81051177665151,84.41942604856513,111.85651214128035,0,98.04432491995262
2023-06-01,47.69282032302755,80.69282032302755,2700.5825164823655,2054.425627027591,1,323.19065428376916
2023-06-01,47.69282032302755,81.03923048454132,2753.5606991126338,2128.103579086061,1,297.50639474665246
2023-06-01,47.69282032302755,81.3856406460551,2620.221611901326,2018.5033049120675,1,271.8504698009851
2023-06-01,47.69282032302755,81.73205080756887,2594.714630473844,2083.0928308709863,1,246.2323330092344
2023-06-01,47.69282032302755,82.07846096908264,2579.8831570887733,2082.6064788543395,1,220.66575049343547
2023-06-01,47.69282032302755,82.42487113059642,2800.6634437474113,2265.944630044794,1,195.1715982694235
2023-06-01,48.03923048454132,80.69282032302755,2775.162907066352,2135.571268110162,1,320.3372024058248
2023-06-01,48.03923048454132,81.03923048454132,2591.08344775712,1972.2556776128727,1,294.5845993819512
2023-06-01,48.03923048454132,81.3856406460551,2433.7234660148656,1838.662020966044,1,268.8310055673177
2023-06-01,48.03923048454132,81.73205080756887,2525.9930905334973,1990.3553511601126,1,243.076709534374
2023-06-01,48.03923048454132,82.07846096908264,2581.2983163456847,2100.4115381888078,1,217.32207484074087
2023-06-01,48.03923048454132,82.42487113059642,2695.756541944204,2184.1844678507073,1,191.56759046337137
2023-06-01,48.385640646055094,80.69282032302755,2528.5257562751576,1946.9390366317148,1,322.09405719972335
2023-06-01,48.385640646055094,81.03923048454132,2440.927713203407,1898.2227896287673,1,296.673958156285
2023-06-01,48.385640646055094,81.3856406460551,2439.5181645621,1876.7415660605557,1,271.29912400956573
2023-06-01,48.385640646055094,81.73205080756887,2491.9417237299576,1960.3562698329713,1,245.98415884520344
2023-06-01,48.385640646055094,82.07846096908264,2499.289708626659,1943.7181918672713,1,220.7502633433587
2023-06-01,48.385640646055094,82.42487113059642,2647.092633175254,2042.8317884974429,1,195.62942298364956
2023-06-01,48.73205080756887,80.69282032302755,2589.79054258162,2084.4152201696297,1,328.38723224741364
2023-06-01,48.73205080756887,81.03923048454132,2469.316081584007,2026.7843786416754,1,303.671053369724
2023-06-01,48.73205080756887,81.3856406460551,2484.0460967685085,1887.6389276142472,1,279.1092856032231
2023-06-01,48.73205080756887,81.73205080756887,2572.679311539132,1928.8784738924965,1,254.7471704517263
2023-06-01,48.73205080756887,82.07846096908264,2520.610915923859,1883.08798822034,1,230.64855751343276
2023-06-01,48.73205080756887,82.42487113059642,2706.2657548101233,2232.1608832807574,1,206.90611643955828
2023-06-02,47.0,85.54256258422038,4306.648449602426,3744.664882530039,1,118.42874308774248
2023-06-02,47.0,85.88897274573415,3378.188238895664,2706.9087153214427,1,129.70553707212906
2023-06-02,47.346410161513774,85.88897274573415,3281.994844162497,2856.434228490984,1,98.54884777399778
2023-06-02,47.69282032302755,85.88897274573415,4303.922760598439,3997.359150656446,1,74.61603475836898
2023-06-03,48.73205080756887,85.54256258422038,1234.8197554589517,940.0557248300019,1,90.73276041018403
2023-06-04,47.69282032302755,80.0,2493.868777893167,1930.464512830197,1,374.6191119349818
2023-06-05,47.69282032302755,83.46410161513774,2653.4010230567956,2184.5326869716,1,119.59554177652433
2023-06-05,47.69282032302755,83.81051177665151,26.172279940632485,23.627697225710687,0,95.10944239961141
2023-06-05,48.03923048454132,83.46410161513774,1217.344702325012,1063.7347668859559,0,114.31477765842243
2023-06-05,48.03923048454132,83.81051177665151,2686.696647543996,2318.8571540675935,1,88.57553764443719
2023-06-05,48.385640646055094,83.81051177665151,37.012147756383776,31.943475745806126,0,98.04432491995262
2023-06-06,48.385640646055094,82.07846096908264,2544.7324622898786,1910.691108269263,1,220.7502633433587
2023-06-06,48.385640646055094,82.42487113059642,2702.9610690640584,2200.051277444547,1,195.62942298364956
2023-06-06,48.385640646055094,82.77128129211019,2640.556428954535,2124.2210805155014,1,170.67218889996258
2023-06-06,48.73205080756887,82.07846096908264,2396.8141930698166,1754.2325386786383,1,230.64855751343276
2023-06-06,48.73205080756887,82.42487113059642,2451.046578144693,1853.1473543668974,1,206.90611643955828
2023-06-06,48.73205080756887,82.77128129211019,2571.6857945817287,2024.3817031460449,1,183.65860969061015
2023-06-06,48.73205080756887,83.11769145362396,2498.989899479028,1880.5279317435313,1,161.12099257012935
2023-06-07,47.0,85.54256258422038,3348.2247750686347,2684.0160917665607,1,118.42874308774248
2023-06-07,47.0,85.88897274573415,3365.43690580583,2726.502038976366,1,129.70553707212906
2023-06-07,47.346410161513774,85.88897274573415,3326.8615434492986,3005.4279769538666,1,98.54884777399778
2023-06-07,47.69282032302755,85.88897274573415,4352.162996177804,4193.945230808076,1,74.61603475836898
2023-06-08,47.0,80.69282032302755,3083.2228886672006,2284.1585731788664,1,342.0812080964291
2023-06-08,47.0,81.03923048454132,3023.854641996447,2237.352583876782,1,317.5940051150226
2023-06-08,47.346410161513774,80.69282032302755,2730.0691028884667,1787.395009487666,1,330.535034378596
2023-06-08,47.346410161513774,81.03923048454132,2805.3083779288404,1903.1982216035112,1,305.29550206060225
2023-06-08,47.69282032302755,81.03923048454132,2941.64666275089,2196.488307570356,1,297.50639474665246
2023-06-09,47.346410161513774,80.0,2534.5540144339207,2144.402909336943,1,381.2861830437016
2023-06-10,47.69282032302755,85.54256258422038,4195.01371498554,4152.506910418983,1,52.9717712245952
2023-06-10,47.69282032302755,85.88897274573415,3852.627833635739,3653.6071307370344,1,74.61603475836898
2023-06-10,48.03923048454132,85.54256258422038,4408.024627953589,4297.271063160914,1,40.5884450389428
2023-06-10,48.03923048454132,85.88897274573415,3721.0823322212536,3402.414528150275,1,66.2612864949239
2023-06-10,48.385640646055094,85.54256258422038,2199.8840519384403,1495.2570986940964,1,58.78971247229898
2023-06-10,48.385640646055094,85.88897274573415,2573.592972396682,1600.282129157587,1,78.61864749230901
2023-06-10,48.73205080756887,85.54256258422038,35.51364142840142,26.19840651672995,0,90.73276041018403
2023-06-10,48.73205080756887,85.88897274573415,2331.839336469751,1490.4546745022744,1,104.58754026103598
2023-06-12,47.0,85.54256258422038,3663.2372714013213,2875.4800964882743,1,118.42874308774248
2023-06-12,47.0,85.88897274573415,3560.3196972184064,2794.0382097197785,1,129.70553707212906
2023-06-12,47.346410161513774,85.88897274573415,3256.5901042617725,2801.11106547224,1,98.54884777399778
2023-06-12,47.69282032302755,85.88897274573415,4179.009798408113,3871.6920971983286,1,74.61603475836898
2023-06-13,47.69282032302755,81.03923048454132,3207.6899079807795,2578.0719522458967,1,297.50639474665246
2023-06-13,47.69282032302755,81.3856406460551,2903.422277789871,2293.4752825970854,1,271.8504698009851
2023-06-13,47.69282032302755,81.73205080756887,2965.2734045920483,2487.230073209961,1,246.2323330092344
2023-06-13,47.69282032302755,82.07846096908264,2906.4357575865743,2448.426278275706,1,220.66575049343547
2023-06-13,47.69282032302755,82.42487113059642,3114.5338839111587,2608.874685613589,1,195.1715982694235
2023-06-13,48.03923048454132,81.03923048454132,2912.5579862377226,2286.142302325943,1,294.5845993819512
2023-06-13,48.03923048454132,81.3856406460551,2770.037047878067,2157.311112764529,1,268.8310055673177
2023-06-13,48.03923048454132,81.73205080756887,2878.0237543877706,2370.4299540545535,1,243.076709534374
2023-06-13,48.03923048454132,82.07846096908264,2914.691953401144,2476.6536772205563,1,217.32207484074087
2023-06-13,48.03923048454132,82.42487113059642,3016.4453589998434,2549.5174139201504,1,191.56759046337137
2023-06-13,48.385640646055094,81.03923048454132,2685.2347418330464,2136.2567369742314,1,296.673958156285
2023-06-13,48.385640646055094,81.3856406460551,2786.9909892824703,2210.266389477297,1,271.29912400956573
2023-06-13,48.385640646055094,81.73205080756887,2787.93363356634,2265.9628391127567,1,245.98415884520344
2023-06-13,48.385640646055094,82.07846096908264,2852.7816993774386,2293.1087581548477,1,220.7502633433587
2023-06-13,48.385640646055094,82.42487113059642,2941.1930504299635,2356.3101210564587,1,195.62942298364956
2023-06-13,48.73205080756887,81.3856406460551,2827.8903029086528,2186.991707391365,1,279.1092856032231
2023-06-13,48.73205080756887,81.73205080756887,2843.3711364671367,2181.000096207507,1,254.7471704517263
2023-06-13,48.73205080756887,82.07846096908264,2885.641154596199,2228.8489290141247,1,230.64855751343276
2023-06-13,48.73205080756887,82.42487113059642,3000.5348809208467,2500.0101139017993,1,206.90611643955828
2023-06-14,47.69282032302755,80.0,2622.9363583698796,2021.7560121920599,1,374.6191119349818
2023-06-14,48.03923048454132,80.0,3034.7421120477384,2423.5666092191973,1,371.83850080708066
2023-06-14,48.03923048454132,80.34641016151377,3012.299745499623,2402.904979212145,1,346.08857313322574
2023-06-14,48.385640646055094,80.0,2911.1342292981435,2304.454678555493,1,373.0312700236656
2023-06-14,48.385640646055094,80.34641016151377,2743.2852451902822,2101.225614800638,1,347.5490290063163
2023-06-14,48.73205080756887,80.0,3005.3284477304683,2395.0919973700934,1,378.15982361494514
2023-06-14,48.73205080756887,80.34641016151377,2711.5463308581625,2086.1146902936994,1,353.22495789124105
2023-06-15,47.0,83.46410161513774,2825.144572678768,2030.2468277176317,1,160.23387230080854
2023-06-15,47.0,83.81051177665151,2828.2435177429243,2194.885162011272,1,142.6460591176537
2023-06-15,47.0,84.15692193816528,3137.4519779729117,2532.082680006949,1,127.96478938629585
2023-06-15,47.0,84.50333209967906,2927.8192368074087,2242.884306753847,1,117.28699931899834
2023-06-15,47.0,84.84974226119283,2373.9839739683975,1397.2822636285346,1,111.76631371778547
2023-06-15,47.346410161513774,83.46410161513774,3287.038883766147,2659.1311883658605,1,136.03468466174027
2023-06-15,47.346410161513774,83.81051177665151,2956.3806013876324,2306.631295351049,1,114.94881530682859
2023-06-15,47.346410161513774,84.15692193816528,2609.7261823736953,1991.5235739999391,1,96.26144443014688
2023-06-15,47.346410161513774,84.50333209967906,2840.667733213233,2204.5789581038666,1,81.63712960566083
2023-06-15,47.346410161513774,84.84974226119283,2781.585797063774,2030.4844511883298,1,73.54147037203057
2023-06-15,47.69282032302755,83.46410161513774,3378.7810930484584,2892.5674717448524,1,119.59554177652433
2023-06-15,47.69282032302755,83.81051177665151,3393.2938888987724,2867.812708348167,1,95.10944239961141
2023-06-15,47.69282032302755,84.15692193816528,763.8185096554205,651.6454714551855,0,71.58828789577724
2023-06-15,47.69282032302755,84.50333209967906,1561.1299378326123,1095.3593999541865,1,50.40241245909486
2023-06-15,47.69282032302755,84.84974226119283,3083.9934566091183,2491.9788504483413,1,35.950224083182356
2023-06-16,47.0,82.07846096908264,2378.968523873906,1548.096403264979,1,246.01057525783426
2023-06-16,47.0,82.42487113059642,2657.35715760597,1921.7746969115965,1,223.11251922330297
2023-06-16,47.346410161513774,82.07846096908264,2606.3787143205345,2101.2339872759953,1,230.48675977762431
2023-06-16,47.346410161513774,82.42487113059642,2514.8394540399095,2111.0335360395447,1,206.03956971884844
2023-06-16,47.69282032302755,82.07846096908264,2535.220930296204,2021.51611022773,1,220.66575049343547
2023-06-16,47.69282032302755,82.42487113059642,2928.2449939768617,2422.784559320186,1,195.1715982694235
2023-06-18,48.385640646055094,81.3856406460551,2869.45844936726,2194.837076510355,1,271.29912400956573
2023-06-18,48.385640646055094,81.73205080756887,2972.44173702275,2309.920791474598,1,245.98415884520344
2023-06-18,48.385640646055094,82.07846096908264,2927.9136154142057,2262.315035049298,1,220.7502633433587
2023-06-18,48.385640646055094,82.42487113059642,3044.954370368145,2311.7997236843094,1,195.62942298364956
2023-06-18,48.73205080756887,81.3856406460551,2877.3796034939587,2126.001289179251,1,279.1092856032231
2023-06-18,48.73205080756887,81.73205080756887,2697.9054027622647,1923.785081997172,1,254.7471704517263
2023-06-18,48.73205080756887,82.07846096908264,2683.6733370715556,1926.8573385925185,1,230.64855751343276
2023-06-18,48.73205080756887,82.42487113059642,2619.77857346139,1816.2423036204211,1,206.90611643955828
2023-06-19,47.346410161513774,80.0,2852.566915653749,2499.4749766480763,1,381.2861830437016
2023-06-19,47.69282032302755,80.0,2755.594823181993,2273.497101632659,1,374.6191119349818
2023-06-21,47.0,82.07846096908264,2271.699425846276,1587.6921553348277,1,246.01057525783426
2023-06-21,47.0,82.42487113059642,2798.608337323889,1945.5445220152728,1,223.11251922330297
2023-06-21,47.346410161513774,82.07846096908264,2624.186015357337,2043.0909713331641,1,230.48675977762431
2023-06-21,47.346410161513774,82.42487113059642,2421.6841927531655,1956.15996104931,1,206.03956971884844
2023-06-21,47.69282032302755,82.07846096908264,2697.3640106845055,2087.603476021447,1,220.66575049343547
2023-06-21,47.69282032302755,82.42487113059642,2997.9941446013836,2372.023372626646,1,195.1715982694235
2023-06-23,48.385640646055094,81.3856406460551,2845.2103829451225,2240.3545109318884,1,271.29912400956573
2023-06-23,48.385640646055094,81.73205080756887,2957.251606498648,2357.973307226427,1,245.98415884520344
2023-06-23,48.385640646055094,82.07846096908264,2931.5864287435675,2297.3257549108675,1,220.7502633433587
2023-06-23,48.385640646055094,82.42487113059642,3107.4131144832972,2410.6257837078856,1,195.62942298364956
2023-06-23,48.73205080756887,81.3856406460551,2951.046334047617,2256.6922094864763,1,279.1092856032231
2023-06-23,48.73205080756887,81.73205080756887,2809.9153299983727,2086.573586299482,1,254.7471704517263
2023-06-23,48.73205080756887,82.07846096908264,2790.6129050579134,2054.7735452409415,1,230.64855751343276
2023-06-23,48.73205080756887,82.42487113059642,3024.137726205067,2237.0001070074727,1,206.90611643955828
2023-06-24,47.346410161513774,80.0,2365.5766588506317,1995.0297832078647,1,381.2861830437016
2023-06-26,47.69282032302755,80.0,2858.171440185665,2341.6012832521747,1,374.6191119349818
2023-06-26,47.69282032302755,80.34641016151377,2987.1182702278625,2478.1257281913945,1,348.8965313339888
2023-06-26,47.69282032302755,80.69282032302755,2938.627081600823,2378.284373544098,1,323.19065428376916
2023-06-26,47.69282032302755,81.03923048454132,2903.9033810816577,2343.061629031666,1,297.50639474665246
2023-06-26,48.03923048454132,80.0,3329.7907174986162,2791.4189289324004,1,371.83850080708066
2023-06-26,48.03923048454132,80.34641016151377,3064.7533645484023,2537.5894610596038,1,346.08857313322574
2023-06-26,48.03923048454132,80.69282032302755,2910.049200950597,2360.794035978792,1,320.3372024058248
2023-06-26,48.03923048454132,81.03923048454132,2881.4790458862876,2298.9399244979427,1,294.5845993819512
2023-06-26,48.385640646055094,80.0,3159.939465799706,2613.515206540443,1,373.0312700236656
2023-06-26,48.385640646055094,80.34641016151377,3029.813556688264,2415.3062425670646,1,347.5490290063163
2023-06-26,48.385640646055094,80.69282032302755,2823.807674769068,2198.681541393017,1,322.09405719972335
2023-06-26,48.385640646055094,81.03923048454132,2595.881404646989,2033.299150092556,1,296.673958156285
2023-06-26,48.73205080756887,80.0,3271.1980529952602,2700.65088821626,1,378.15982361494514
2023-06-26,48.73205080756887,80.34641016151377,2995.5035015258118,2376.832734375879,1,353.22495789124105
2023-06-26,48.73205080756887,80.69282032302755,2692.987638601955,2064.804571928877,1,328.38723224741364
2023-06-26,48.73205080756887,81.03923048454132,2768.3368610341386,2291.6535286834505,1,303.671053369724
2023-06-28,48.385640646055094,81.3856406460551,2884.3412597621154,2203.64291625732,1,271.29912400956573
2023-06-28,48.385640646055094,81.73205080756887,3019.207473976603,2335.855227227178,1,245.98415884520344
2023-06-28,48.385640646055094,82.07846096908264,3101.88535817944,2423.0858614284057,1,220.7502633433587
2023-06-28,48.385640646055094,82.42487113059642,3688.8536502954626,2940.9599041905385,1,195.62942298364956
2023-06-28,48.73205080756887,81.3856406460551,2868.2489526228755,2129.5609790188737,1,279.1092856032231
2023-06-28,48.73205080756887,81.73205080756887,2773.0365343789285,2014.5879808720572,1,254.7471704517263
2023-06-28,48.73205080756887,82.07846096908264,2908.7956622152906,2158.4205713066376,1,230.64855751343276
2023-06-28,48.73205080756887,82.42487113059642,2825.58149757336,2007.6266031199134,1,206.90611643955828
2023-06-30,47.69282032302755,83.46410161513774,2644.385427752416,2238.5316166508637,1,119.59554177652433
2023-06-30,47.69282032302755,83.81051177665151,43.36316931156522,37.078205274574714,0,95.10944239961141
2023-06-30,48.03923048454132,83.46410161513774,1119.9109910795855,1017.4931909826919,0,114.31477765842243
2023-06-30,48.03923048454132,83.81051177665151,2876.826385059707,2564.2312410171116,1,88.57553764443719
2023-06-30,48.385640646055094,83.81051177665151,23.252354048964218,28.813559322033896,0,98.04432491995262
2023-07-01,47.0,80.0,2927.0471272465597,2428.7902025690423,1,391.6412817545401
2023-07-01,47.0,80.34641016151377,3021.8629860139213,2497.714627667167,1,366.7769297734493
2023-07-01,47.0,80.69282032302755,2899.332248669362,2180.93103005615,1,342.0812080964291
2023-07-01,47.0,81.03923048454132,2935.9316906000113,2208.5097142287646,1,317.5940051150226
2023-07-01,47.346410161513774,80.0,2824.5611909179993,2335.964855824253,1,381.2861830437016
2023-07-01,47.346410161513774,80.34641016151377,2681.2631886640966,2095.795790094992,1,355.8718798635008
2023-07-01,47.346410161513774,80.69282032302755,2664.499567849776,1868.4456721857773,1,330.535034378596
2023-07-01,47.346410161513774,81.03923048454132,2667.511993429505,1839.23829839964,1,305.29550206060225
2023-07-01,47.69282032302755,80.0,3004.927416241954,2418.0575667259022,1,374.6191119349818
2023-07-01,47.69282032302755,80.34641016151377,3100.8959018006176,2431.576970343146,1,348.8965313339888
2023-07-01,47.69282032302755,80.69282032302755,3189.951606751164,2482.7195126119846,1,323.19065428376916
2023-07-01,47.69282032302755,81.03923048454132,3351.2209956765646,2630.986110968142,1,297.50639474665246
2023-07-02,47.0,85.54256258422038,3021.994196597474,2156.901002289298,1,118.42874308774248
2023-07-02,47.0,85.88897274573415,3093.167303076706,2322.4697494425473,1,129.70553707212906
2023-07-02,47.346410161513774,85.88897274573415,3265.330884699141,2830.142791923532,1,98.54884777399778
2023-07-02,47.69282032302755,85.88897274573415,4362.271491840322,4007.079661561638,1,74.61603475836898
2023-07-03,48.73205080756887,85.54256258422038,2383.6297971192575,1606.274412307869,1,90.73276041018403
2023-07-09,47.69282032302755,80.0,2593.9191381745336,2114.0221039839735,1,374.6191119349818
2023-07-10,47.69282032302755,83.46410161513774,2706.9007723657814,2270.021379032159,1,119.59554177652433
2023-07-10,47.69282032302755,83.81051177665151,72.7449480534307,63.34638657380975,0,95.10944239961141
2023-07-10,48.03923048454132,83.46410161513774,1165.7319953347064,1054.6057511147972,0,114.31477765842243
2023-07-10,48.03923048454132,83.81051177665151,2905.806259728202,2569.3950810569722,1,88.57553764443719
2023-07-10,48.385640646055094,83.81051177665151,181.9120879120879,170.16483516483515,0,98.04432491995262
2023-07-11,48.385640646055094,82.07846096908264,2729.7400197217394,1982.679148113338,1,220.7502633433587
2023-07-11,48.385640646055094,82.42487113059642,2701.9902055511557,2006.00630234269,1,195.62942298364956
2023-07-11,48.385640646055094,82.77128129211019,2450.939598199876,1754.2517315093262,1,170.67218889996258
2023-07-11,48.73205080756887,82.07846096908264,2465.306206388793,1696.4124223728566,1,230.64855751343276
2023-07-11,48.73205080756887,82.42487113059642,2421.728537507404,1655.1914637053378,1,206.90611643955828
2023-07-11,48.73205080756887,82.77128129211019,2400.257430439389,1684.0446267343755,1,183.65860969061015
2023-07-11,48.73205080756887,83.11769145362396,2353.182383351435,1607.0057993567689,1,161.12099257012935
2023-07-12,47.0,85.54256258422038,3032.7419801775636,2084.272051093516,1,118.42874308774248
2023-07-12,47.0,85.88897274573415,3026.8062255945183,2234.3600991506073,1,129.70553707212906
2023-07-12,47.346410161513774,85.88897274573415,3327.9873292062357,2902.2260157215455,1,98.54884777399778
2023-07-12,47.69282032302755,85.88897274573415,4386.415877322079,4074.436426495531,1,74.61603475836898
2023-07-13,47.0,84.15692193816528,2844.793179480744,2296.236914301765,1,127.96478938629585
2023-07-13,47.0,84.50333209967906,2776.6647256660867,2231.30279546352,1,117.28699931899834
2023-07-13,47.0,84.84974226119283,2176.6603782531515,1212.4486698368387,1,111.76631371778547
2023-07-13,47.346410161513774,84.15692193816528,2402.5382553792356,1944.2725570300634,1,96.26144443014688
2023-07-13,47.346410161513774,84.50333209967906,2571.1825098784916,2063.3621029673695,1,81.63712960566083
2023-07-13,47.346410161513774,84.84974226119283,2620.8321485934707,1990.1815377321373,1,73.54147037203057
2023-07-13,47.69282032302755,84.15692193816528,163.15565479402036,168.13953665966656,0,71.58828789577724
2023-07-13,47.69282032302755,84.50333209967906,1572.2664816272968,1007.393968761838,1,50.40241245909486
2023-07-13,47.69282032302755,84.84974226119283,2897.4810619817185,2398.3073462058355,1,35.950224083182356
2023-07-14,47.346410161513774,80.0,2751.294887861627,2352.828068287952,1,381.2861830437016
2023-07-14,47.69282032302755,80.0,2721.5649903786193,2231.950261957204,1,374.6191119349818
2023-07-15,47.0,85.54256258422038,2789.7058724030803,2078.4076970890665,1,118.42874308774248
2023-07-15,47.0,85.88897274573415,2849.1198739644055,2119.0612411224542,1,129.70553707212906
2023-07-15,47.346410161513774,85.54256258422038,3153.6059657404066,2786.3067033526704,1,83.25857505444631
2023-07-15,47.346410161513774,85.88897274573415,3141.2151465299135,2744.4818114885966,1,98.54884777399778
2023-07-15,47.69282032302755,85.54256258422038,3940.030269242107,3631.1813420108447,1,52.9717712245952
2023-07-15,47.69282032302755,85.88897274573415,4030.1186057704394,3713.6164240166427,1,74.61603475836898
2023-07-16,47.0,80.0,2935.438649336907,2581.6561137867093,1,391.6412817545401
2023-07-16,47.0,80.34641016151377,3055.74933642824,2659.584737259733,1,366.7769297734493
2023-07-16,47.0,80.69282032302755,2957.7581399081405,2318.575498029328,1,342.0812080964291
2023-07-16,47.0,81.03923048454132,2856.828372752608,2163.9858675382648,1,317.5940051150226
2023-07-16,47.346410161513774,80.0,2765.003146780277,2420.485733804537,1,381.2861830437016
2023-07-16,47.346410161513774,80.34641016151377,2687.9106642302877,2206.492780703297,1,355.8718798635008
2023-07-16,47.346410161513774,80.69282032302755,2708.4422102968683,1975.9288314507894,1,330.535034378596
2023-07-16,47.346410161513774,81.03923048454132,2663.3060662149865,1882.4584243740494,1,305.29550206060225
2023-07-16,47.69282032302755,80.0,2867.4569436843212,2434.970650047628,1,374.6191119349818
2023-07-16,47.69282032302755,80.34641016151377,2914.6742056432327,2379.9440925619883,1,348.8965313339888
2023-07-16,47.69282032302755,80.69282032302755,2739.3185732914662,2137.446184353071,1,323.19065428376916
2023-07-16,47.69282032302755,81.03923048454132,2884.609713572494,2318.7060206392507,1,297.50639474665246
2023-07-18,48.385640646055094,81.3856406460551,3006.0617020131513,2318.435049438067,1,271.29912400956573
2023-07-18,48.385640646055094,81.73205080756887,3006.3179661664512,2281.388481436017,1,245.98415884520344
2023-07-18,48.385640646055094,82.07846096908264,2936.594341218363,2223.148689711537,1,220.7502633433587
2023-07-18,48.385640646055094,82.42487113059642,3184.3753988932363,2426.175787086747,1,195.62942298364956
2023-07-18,48.73205080756887,81.3856406460551,2964.9942519703914,2221.6455052468905,1,279.1092856032231
2023-07-18,48.73205080756887,81.73205080756887,2835.2837310619148,2067.8905799402405,1,254.7471704517263
2023-07-18,48.73205080756887,82.07846096908264,2808.894254284318,2026.5507362939113,1,230.64855751343276
2023-07-18,48.73205080756887,82.42487113059642,2671.890988984301,1828.0167189687825,1,206.90611643955828
2023-07-19,47.69282032302755,80.0,2770.5773193768046,2243.495864277815,1,374.6191119349818
2023-07-19,48.03923048454132,80.0,3246.6445316058207,2715.048025153288,1,371.83850080708066
2023-07-19,48.03923048454132,80.34641016151377,3203.118506783057,2679.814732822025,1,346.08857313322574
2023-07-19,48.385640646055094,80.0,3064.3111644992664,2551.587769331291,1,373.0312700236656
2023-07-19,48.385640646055094,80.34641016151377,2939.8904606370484,2362.827334429167,1,347.5490290063163
2023-07-19,48.73205080756887,80.0,3201.948608130414,2681.379665926494,1,378.15982361494514
2023-07-19,48.73205080756887,80.34641016151377,2940.0642499548694,2380.0849665144665,1,353.22495789124105
2023-07-21,47.69282032302755,82.07846096908264,3005.2197781915197,2423.636925320171,1,220.66575049343547
2023-07-21,47.69282032302755,82.42487113059642,3014.75565601383,2450.270141184143,1,195.1715982694235
2023-07-21,47.69282032302755,82.77128129211019,3101.0,2598.0,1,169.78313492716265
2023-07-21,48.03923048454132,82.07846096908264,2824.35295436396,2320.076326725842,1,217.32207484074087
2023-07-21,48.03923048454132,82.42487113059642,3139.9315327257427,2560.9077734604693,1,191.56759046337137
2023-07-21,48.03923048454132,82.77128129211019,2808.958576850066,2145.660324485616,1,165.81396822255076
2023-07-21,48.385640646055094,82.07846096908264,2749.738189430804,2110.0353827224976,1,220.7502633433587
2023-07-21,48.385640646055094,82.42487113059642,2950.5052712836164,2298.465716382015,1,195.62942298364956
2023-07-21,48.385640646055094,82.77128129211019,2785.187255457088,2076.725396519201,1,170.67218889996258
2023-07-21,48.73205080756887,82.07846096908264,3196.2929620853074,2547.848744075829,1,230.64855751343276
2023-07-21,48.73205080756887,82.42487113059642,2657.2400084079936,1868.2576765536314,1,206.90611643955828
2023-07-21,48.73205080756887,82.77128129211019,2528.9229489378745,1904.982717036617,1,183.65860969061015
2023-07-23,47.69282032302755,84.15692193816528,805.9452031055998,758.0992029302212,0,71.58828789577724
2023-07-23,47.69282032302755,84.50333209967906,2439.4045243297974,1895.038579369224,1,50.40241245909486
2023-07-23,47.69282032302755,84.84974226119283,2979.921250541455,2457.735368055476,1,35.950224083182356
2023-07-23,47.69282032302755,85.1961524227066,2891.4427090457843,2334.3404822855787,1,37.16119382086015
2023-07-23,48.03923048454132,84.15692193816528,3455.7588513994256,2936.630159039972,1,62.855701147977875
2023-07-23,48.03923048454132,84.50333209967906,2780.9336873698226,2368.7808940842506,1,37.19659883568785
2023-07-23,48.03923048454132,84.84974226119283,2428.511373870951,1964.189127432542,1,11.996713034757265
2023-07-23,48.03923048454132,85.1961524227066,2172.3655836565654,1605.9175879328964,1,15.227169283403692
2023-07-23,48.385640646055094,84.15692193816528,3026.3800152486274,2512.8713925764428,1,75.79006724995921
2023-07-23,48.385640646055094,84.50333209967906,2673.9220882874065,1995.1954043206883,1,56.517008770545985
2023-07-23,48.385640646055094,84.84974226119283,2458.2208655979807,1599.23094220479,1,44.304123967601406
2023-07-23,48.385640646055094,85.1961524227066,2449.21404538255,1529.0671026255593,1,45.27922992562592
2023-07-23,48.385640646055094,85.54256258422038,779.212092651862,382.0889277229085,1,58.78971247229898
2023-07-23,48.73205080756887,84.50333209967906,2269.272200772201,1501.1399613899619,1,89.28694824767813
2023-07-23,48.73205080756887,84.84974226119283,2331.941493169908,1440.0387897706119,1,82.15364533769188
2023-07-23,48.73205080756887,85.1961524227066,2350.382359426681,1374.1926219494026,1,82.67998706407322
2023-07-23,48.73205080756887,85.54256258422038,12.06243092356959,7.4248023351375885,0,90.73276041018403
2023-07-24,47.346410161513774,80.0,2775.259093137114,2369.9912565079394,1,381.2861830437016
2023-07-24,47.69282032302755,80.0,2697.2744394186957,2206.902755396513,1,374.6191119349818
2023-07-25,47.69282032302755,83.46410161513774,2658.297277152264,2149.093792169435,1,119.59554177652433
2023-07-25,47.69282032302755,83.81051177665151,39.176732503710454,33.569357232560776,0,95.10944239961141
2023-07-25,48.03923048454132,83.46410161513774,1200.4022950688475,1065.7005350862762,0,114.31477765842243
2023-07-25,48.03923048454132,83.81051177665151,2897.972551484804,2505.8736291888613,1,88.57553764443719
2023-07-25,48.385640646055094,83.81051177665151,33.21649484536081,30.384580905423572,0,98.04432491995262
2023-07-26,47.69282032302755,80.69282032302755,3071.7394041929733,2476.771854397041,1,323.19065428376916
2023-07-26,47.69282032302755,81.03923048454132,3090.7980878349013,2505.548894851779,1,297.50639474665246
2023-07-26,47.69282032302755,81.3856406460551,2843.6576478268657,2272.318832222202,1,271.8504698009851
2023-07-26,47.69282032302755,81.73205080756887,2789.087727543619,2388.008459560848,1,246.2323330092344
2023-07-26,47.69282032302755,82.07846096908264,2833.314471551403,2429.0690200807503,1,220.66575049343547
2023-07-26,47.69282032302755,82.42487113059642,3056.086240158585,2562.0026683950027,1,195.1715982694235
2023-07-26,48.03923048454132,80.69282032302755,3168.170064353112,2527.8294483127347,1,320.3372024058248
2023-07-26,48.03923048454132,81.03923048454132,2999.0043063875687,2367.631434112073,1,294.5845993819512
2023-07-26,48.03923048454132,81.3856406460551,2840.0588032383052,2244.3132948544217,1,268.8310055673177
2023-07-26,48.03923048454132,81.73205080756887,2783.2123534277057,2330.3378065700813,1,243.076709534374
2023-07-26,48.03923048454132,82.07846096908264,2811.4997913871703,2437.05346360608,1,217.32207484074087
2023-07-26,48.03923048454132,82.42487113059642,2993.883064269568,2589.6375914742553,1,191.56759046337137
2023-07-26,48.385640646055094,80.69282032302755,2866.81542384683,2273.6255952197985,1,322.09405719972335
2023-07-26,48.385640646055094,81.03923048454132,2762.5988370397263,2193.5621609008786,1,296.673958156285
2023-07-26,48.385640646055094,81.3856406460551,2810.0106879146733,2220.2694645125343,1,271.29912400956573
2023-07-26,48.385640646055094,81.73205080756887,2777.426863582297,2260.8059167120286,1,245.98415884520344
2023-07-26,48.385640646055094,82.07846096908264,2720.777691924394,2209.9403919046513,1,220.7502633433587
2023-07-26,48.385640646055094,82.42487113059642,2948.3546402054717,2399.773749769894,1,195.62942298364956
2023-07-26,48.73205080756887,80.69282032302755,2870.883954920413,2264.7919832694315,1,328.38723224741364
2023-07-26,48.73205080756887,81.03923048454132,2737.1660732602045,2209.1636271366788,1,303.671053369724
2023-07-26,48.73205080756887,81.3856406460551,2775.5825058751957,2129.6993552939357,1,279.1092856032231
2023-07-26,48.73205080756887,81.73205080756887,2919.699114249617,2259.297008588128,1,254.7471704517263
2023-07-26,48.73205080756887,82.07846096908264,2841.8066225061,2223.7566102685173,1,230.64855751343276
2023-07-26,48.73205080756887,82.42487113059642,2644.0639102270816,2040.5271028487487,1,206.90611643955828
2023-07-27,47.0,85.54256258422038,4349.284333392824,3518.5629626985533,1,118.42874308774248
2023-07-27,47.0,85.88897274573415,3440.8193533227018,2740.5601056447704,1,129.70553707212906
2023-07-27,47.346410161513774,85.88897274573415,3345.3274682137944,3026.7051625358104,1,98.54884777399778
2023-07-27,47.69282032302755,85.88897274573415,4391.375899912385,4234.883034120213,1,74.61603475836898
2023-07-30,47.69282032302755,83.46410161513774,2639.156763929218,2206.9996592819953,1,119.59554177652433
2023-07-30,47.69282032302755,83.81051177665151,52.540929329832146,46.69425733531224,0,95.10944239961141
2023-07-30,48.03923048454132,83.46410161513774,1147.0581671853695,1047.672010695303,0,114.31477765842243
2023-07-30,48.03923048454132,83.81051177665151,2910.910336165699,2593.7982325682624,1,88.57553764443719
2023-07-30,48.385640646055094,83.81051177665151,2.5940594059405937,10.069306930693068,0,98.04432491995262
2023-07-31,47.69282032302755,82.07846096908264,2972.4166872386636,2394.0700947696323,1,220.66575049343547
2023-07-31,47.69282032302755,82.42487113059642,3008.6673726138038,2447.396695323906,1,195.1715982694235
2023-07-31,48.03923048454132,82.07846096908264,2818.910433691035,2325.800694005914,1,217.32207484074087
2023-07-31,48.03923048454132,82.42487113059642,3118.7810473423815,2579.649053663586,1,191.56759046337137
2023-07-31,48.03923048454132,82.77128129211019,2847.0064185721385,2187.209897536837,1,165.81396822255076
2023-07-31,48.385640646055094,82.07846096908264,2774.520304429608,2145.4289834815095,1,220.7502633433587
2023-07-31,48.385640646055094,82.42487113059642,2971.0657296062273,2325.399807213252,1,195.62942298364956
2023-07-31,48.385640646055094,82.77128129211019,2863.494741832231,2146.2392267731775,1,170.67218889996258
2023-07-31,48.73205080756887,82.07846096908264,3212.9991706161145,2573.1179620853086,1,230.64855751343276
2023-07-31,48.73205080756887,82.42487113059642,2709.8119904785167,1940.0951296137423,1,206.90611643955828
2023-07-31,48.73205080756887,82.77128129211019,2594.5935354691073,1965.914850738505,1,183.65860969061015
2023-08-02,47.0,84.15692193816528,2942.338909519811,2373.090035056878,1,127.96478938629585
2023-08-02,47.0,84.50333209967906,2863.8067407108097,2308.6316357053124,1,117.28699931899834
2023-08-02,47.0,84.84974226119283,2360.3202988718313,1424.4272553163382,1,111.76631371778547
2023-08-02,47.346410161513774,84.15692193816528,2464.8825845472506,1997.1578807913004,1,96.26144443014688
2023-08-02,47.346410161513774,84.50333209967906,2645.5632509175925,2112.6061303633046,1,81.63712960566083
2023-08-02,47.346410161513774,84.84974226119283,2783.730924452032,2116.624583537332,1,73.54147037203057
2023-08-02,47.69282032302755,84.15692193816528,222.12260008466646,224.896863197563,0,71.58828789577724
2023-08-02,47.69282032302755,84.50333209967906,1731.12539801872,1077.94236344439,1,50.40241245909486
2023-08-02,47.69282032302755,84.84974226119283,2978.08164347417,2432.92302621457,1,35.950224083182356
2023-08-04,47.69282032302755,83.46410161513774,2598.0785249685296,2099.4744582159356,1,119.59554177652433
2023-08-04,47.69282032302755,83.81051177665151,30.46968832058453,29.302774289302416,0,95.10944239961141
2023-08-04,48.03923048454132,83.46410161513774,1173.382004957141,1033.8325444955553,0,114.31477765842243
2023-08-04,48.03923048454132,83.81051177665151,2851.5848406434657,2443.3857937637463,1,88.57553764443719
2023-08-04,48.385640646055094,83.81051177665151,12.464080459770113,20.909482758620687,0,98.04432491995262
2023-08-05,47.0,80.0,2947.992639835751,2600.1155922953267,1,391.6412817545401
2023-08-05,47.0,80.34641016151377,3116.379294046575,2725.683265480856,1,366.7769297734493
2023-08-05,47.0,80.69282032302755,3119.0525289258735,2484.0573084738594,1,342.0812080964291
2023-08-05,47.0,81.03923048454132,3020.958635877326,2339.946046404954,1,317.5940051150226
2023-08-05,47.346410161513774,80.0,2798.8819915996282,2440.3435850393016,1,381.2861830437016
2023-08-05,47.346410161513774,80.34641016151377,2756.3913196585036,2280.184835805488,1,355.8718798635008
2023-08-05,47.346410161513774,80.69282032302755,2825.2955135744564,2090.822729977042,1,330.535034378596
2023-08-05,47.346410161513774,81.03923048454132,2844.687219020917,2059.210069691793,1,305.29550206060225
2023-08-05,47.69282032302755,80.0,2909.8370662523625,2473.855213656598,1,374.6191119349818
2023-08-05,47.69282032302755,80.34641016151377,2988.8203537388813,2456.3324948749464,1,348.8965313339888
2023-08-05,47.69282032302755,80.69282032302755,2888.917664092563,2267.568569483961,1,323.19065428376916
2023-08-05,47.69282032302755,81.03923048454132,3149.0238869730815,2549.292262854496,1,297.50639474665246
2023-08-10,47.69282032302755,82.07846096908264,2627.3851747774147,2138.467601981371,1,220.66575049343547
2023-08-10,47.69282032302755,82.42487113059642,2776.9201688125154,2297.7450591488823,1,195.1715982694235
2023-08-10,48.03923048454132,82.07846096908264,2393.429417551637,1952.1721452148875,1,217.32207484074087
2023-08-10,48.03923048454132,82.42487113059642,2708.4528854656096,2246.2245581704196,1,191.56759046337137
2023-08-10,48.03923048454132,82.77128129211019,2546.3953348577793,1962.9398113410948,1,165.81396822255076
2023-08-10,48.385640646055094,82.07846096908264,2683.533309482017,2084.165678370477,1,220.7502633433587
2023-08-10,48.385640646055094,82.42487113059642,2912.5814231645254,2318.3683060178964,1,195.62942298364956
2023-08-10,48.385640646055094,82.77128129211019,2926.1111975065783,2268.5265622816305,1,170.67218889996258
2023-08-10,48.73205080756887,82.07846096908264,3229.7934123222735,2630.655118483412,1,230.64855751343276
2023-08-10,48.73205080756887,82.42487113059642,2744.3978798225235,2015.4673480170218,1,206.90611643955828
2023-08-10,48.73205080756887,82.77128129211019,2995.724083430495,2353.0933670164527,1,183.65860969061015
2023-08-16,47.0,85.54256258422038,2960.4765862600484,2251.9143648710574,1,118.42874308774248
2023-08-16,47.0,85.88897274573415,2884.0766132525973,2169.679893889725,1,129.70553707212906
2023-08-16,47.346410161513774,85.88897274573415,3236.266253583859,2917.6120031565897,1,98.54884777399778
2023-08-16,47.69282032302755,85.88897274573415,4206.78475872003,4054.134842626573,1,74.61603475836898
2023-08-17,47.0,80.69282032302755,3086.091575202594,2400.774127684092,1,342.0812080964291
2023-08-17,47.0,81.03923048454132,2847.867953131546,2096.4164246114597,1,317.5940051150226
2023-08-17,47.346410161513774,80.69282032302755,2658.9602195193684,1813.489783953391,1,330.535034378596
2023-08-17,47.346410161513774,81.03923048454132,2729.7328963714526,1887.922426732682,1,305.29550206060225
2023-08-17,47.69282032302755,81.03923048454132,2797.79195813826,2104.3377719636514,1,297.50639474665246
2023-08-18,47.346410161513774,80.0,2654.8231708120484,2364.5098821607226,1,381.2861830437016
2023-08-18,47.69282032302755,80.0,2538.5236656537027,2145.358727875077,1,374.6191119349818
2023-08-19,47.69282032302755,83.46410161513774,2502.7654110962944,2152.476357289163,1,119.59554177652433
2023-08-19,47.69282032302755,83.81051177665151,32.89713437607032,27.886174220801443,0,95.10944239961141
2023-08-19,48.03923048454132,83.46410161513774,1141.1351264489467,1069.6998477093368,0,114.31477765842243
2023-08-19,48.03923048454132,83.81051177665151,2793.4481472281427,2575.5802054325904,1,88.57553764443719
2023-08-19,48.385640646055094,83.81051177665151,15.315682281059061,18.620502376103186,0,98.04432491995262
2023-08-20,47.69282032302755,80.0,2723.910037241689,2151.3478437009403,1,374.6191119349818
2023-08-20,47.69282032302755,80.34641016151377,2865.7612443409057,2329.4349856733766,1,348.8965313339888
2023-08-20,47.69282032302755,80.69282032302755,2829.3538945990144,2276.804668406737,1,323.19065428376916
2023-08-20,47.69282032302755,81.03923048454132,2757.8663745628483,2195.2421164761527,1,297.50639474665246
2023-08-20,48.03923048454132,80.0,3155.450538573136,2592.9790814061053,1,371.83850080708066
2023-08-20,48.03923048454132,80.34641016151377,2934.7648237934877,2376.906693889219,1,346.08857313322574
2023-08-20,48.03923048454132,80.69282032302755,2800.157185618549,2220.6287220513163,1,320.3372024058248
2023-08-20,48.03923048454132,81.03923048454132,2742.3322697815033,2150.7706983434923,1,294.5845993819512
2023-08-20,48.385640646055094,80.0,2963.1185626633533,2393.59301475744,1,373.0312700236656
2023-08-20,48.385640646055094,80.34641016151377,2872.6122600940525,2246.1633924823223,1,347.5490290063163
2023-08-20,48.385640646055094,80.69282032302755,2716.3868799574097,2103.470116104949,1,322.09405719972335
2023-08-20,48.385640646055094,81.03923048454132,2517.029114419114,1964.7989640399164,1,296.673958156285
2023-08-20,48.73205080756887,80.0,3085.377529121346,2482.484304251286,1,378.15982361494514
2023-08-20,48.73205080756887,80.34641016151377,2822.540757983933,2167.445847911388,1,353.22495789124105
2023-08-20,48.73205080756887,80.69282032302755,2589.589506024556,1947.599166119472,1,328.38723224741364
2023-08-20,48.73205080756887,81.03923048454132,2738.4030226205227,2195.1221036495485,1,303.671053369724
2023-08-21,47.0,85.54256258422038,3597.102431049189,2694.8132120178184,1,118.42874308774248
2023-08-21,47.0,85.88897274573415,3050.9733189986177,2287.1638303273276,1,129.70553707212906
2023-08-21,47.346410161513774,85.88897274573415,3199.3876153932365,2789.494546337933,1,98.54884777399778
2023-08-21,47.69282032302755,85.88897274573415,4218.151136478714,3895.402870984569,1,74.61603475836898
2023-08-22,47.0,84.15692193816528,2913.102527718056,2334.290645963183,1,127.96478938629585
2023-08-22,47.0,84.50333209967906,2805.623617978041,2263.0500936634994,1,117.28699931899834
2023-08-22,47.0,84.84974226119283,2215.0752739873446,1328.21881855977,1,111.76631371778547
2023-08-22,47.346410161513774,84.15692193816528,2260.0953844666806,1830.6632845287986,1,96.26144443014688
2023-08-22,47.346410161513774,84.50333209967906,2573.2961090217054,2085.147924306787,1,81.63712960566083
2023-08-22,47.346410161513774,84.84974226119283,2729.159257702585,2160.1009353256154,1,73.54147037203057
2023-08-22,47.69282032302755,84.15692193816528,72.19874909730815,73.48830775360459,0,71.58828789577724
2023-08-22,47.69282032302755,84.50333209967906,1726.2074681634479,1112.4423723519342,1,50.40241245909486
2023-08-22,47.69282032302755,84.84974226119283,2900.548075094921,2450.061981681629,1,35.950224083182356
2023-08-23,47.346410161513774,80.0,2729.116081829215,2343.4712359610926,1,381.2861830437016
2023-08-23,47.69282032302755,80.0,2574.5170953070597,2106.027081332418,1,374.6191119349818
2023-08-24,47.69282032302755,83.46410161513774,2533.1668708199854,2072.7266428101498,1,119.59554177652433
2023-08-24,47.69282032302755,83.81051177665151,24.45804315561136,21.74734558739581,0,95.10944239961141
2023-08-24,48.03923048454132,83.46410161513774,1270.5905768705327,1135.3812513058276,0,114.31477765842243
2023-08-24,48.03923048454132,83.81051177665151,2705.8419656805154,2385.1493434410713,1,88.57553764443719
2023-08-24,48.385640646055094,83.81051177665151,308.81695769264195,249.4136912518461,0,98.04432491995262
2023-08-25,47.0,80.69282032302755,2932.0242301304183,2215.493642279519,1,342.0812080964291
2023-08-25,47.0,81.03923048454132,2682.8838737187248,1964.6309217239793,1,317.5940051150226
2023-08-25,47.0,81.3856406460551,2532.180618490579,1804.3433966768414,1,293.36808799124566
2023-08-25,47.0,81.73205080756887,2654.7302916092294,1857.4811995462255,1,269.47448162886354
2023-08-25,47.0,82.07846096908264,2565.43115283359,1658.884441163036,1,246.01057525783426
2023-08-25,47.0,82.42487113059642,2790.9587565214715,1984.4330625984376,1,223.11251922330297
2023-08-25,47.346410161513774,80.69282032302755,2669.3787608048597,1881.6330032722885,1,330.535034378596
2023-08-25,47.346410161513774,81.03923048454132,2642.3125211795873,1879.1575692913402,1,305.29550206060225
2023-08-25,47.346410161513774,81.3856406460551,2603.7593117148044,1865.4773292859468,1,280.1801559533796
2023-08-25,47.346410161513774,81.73205080756887,2446.8335271486158,1889.9225691283189,1,255.22623627715782
2023-08-25,47.346410161513774,82.07846096908264,2510.070051407958,1966.383004992087,1,230.48675977762431
2023-08-25,47.346410161513774,82.42487113059642,2607.1063329747267,2167.1018744415464,1,206.03956971884844
2023-08-25,47.69282032302755,80.69282032302755,2731.483738752374,2094.864129757823,1,323.19065428376916
2023-08-25,47.69282032302755,81.03923048454132,2894.997283299896,2300.5847906115473,1,297.50639474665246
2023-08-25,47.69282032302755,81.3856406460551,3353.931835705614,2748.0989024523415,1,271.8504698009851
2023-08-25,47.69282032302755,81.73205080756887,2810.6002811720186,2330.301959659694,1,246.2323330092344
2023-08-25,47.69282032302755,82.07846096908264,2674.2739129943307,2204.9994800908657,1,220.66575049343547
2023-08-25,47.69282032302755,82.42487113059642,3604.382647324305,3138.0968186145114,1,195.1715982694235
2023-08-26,47.0,85.54256258422038,3659.4852316870156,2812.0860224750268,1,118.42874308774248
2023-08-26,47.0,85.88897274573415,3342.7248305969765,2652.432891496597,1,129.70553707212906
2023-08-26,47.346410161513774,85.88897274573415,3188.848830051426,2858.1468530756197,1,98.54884777399778
2023-08-26,47.69282032302755,85.88897274573415,4216.058639636811,4011.730053571027,1,74.61603475836898
2023-08-29,47.69282032302755,83.46410161513774,2339.1663121655524,1907.1548793174438,1,119.59554177652433
2023-08-29,47.69282032302755,83.81051177665151,26.432469459984002,22.010160977280506,0,95.10944239961141
2023-08-29,48.03923048454132,83.46410161513774,1201.8271445889345,1049.621766585849,0,114.31477765842243
2023-08-29,48.03923048454132,83.81051177665151,3001.286831940806,2601.622757417402,1,88.57553764443719
2023-08-29,48.385640646055094,83.81051177665151,3805.1738344051437,3570.641077170418,1,98.04432491995262
2023-08-30,47.69282032302755,82.07846096908264,2607.2120646522226,2113.5626653931226,1,220.66575049343547
2023-08-30,47.69282032302755,82.42487113059642,2678.0746536359816,2232.272378815261,1,195.1715982694235
2023-08-30,48.03923048454132,82.07846096908264,2472.885543330464,1988.411057864692,1,217.32207484074087
2023-08-30,48.03923048454132,82.42487113059642,2784.6236480986636,2300.942619092098,1,191.56759046337137
2023-08-30,48.03923048454132,82.77128129211019,2642.57611053025,2065.2608115456965,1,165.81396822255076
2023-08-30,48.385640646055094,82.07846096908264,2491.7594699929527,1900.5493892924526,1,220.7502633433587
2023-08-30,48.385640646055094,82.42487113059642,2687.3725189659954,2145.839894907322,1,195.62942298364956
2023-08-30,48.385640646055094,82.77128129211019,2745.428491080415,2161.7851602603732,1,170.67218889996258
2023-08-30,48.73205080756887,82.07846096908264,2909.375616113745,2296.969834123223,1,230.64855751343276
2023-08-30,48.73205080756887,82.42487113059642,2536.505206705943,1830.0509422064147,1,206.90611643955828
2023-08-30,48.73205080756887,82.77128129211019,2630.823602876412,2090.9434577412017,1,183.65860969061015
2023-08-31,47.0,85.54256258422038,3010.921823425343,2094.097632261347,1,118.42874308774248
2023-08-31,47.0,85.88897274573415,2972.5823865348666,2178.279326171937,1,129.70553707212906
2023-08-31,47.346410161513774,85.88897274573415,3169.1949005619003,2722.736117628262,1,98.54884777399778
2023-08-31,47.69282032302755,85.88897274573415,4223.260577701379,3849.632785797434,1,74.61603475836898
2023-09-03,47.69282032302755,85.54256258422038,3953.700675947579,3671.693656571559,1,52.9717712245952
2023-09-03,47.69282032302755,85.88897274573415,3493.0612766591453,3064.182925990074,1,74.61603475836898
2023-09-03,48.03923048454132,85.54256258422038,4192.670097253872,3884.2663422931573,1,40.5884450389428
2023-09-03,48.03923048454132,85.88897274573415,3241.5560344691103,2709.720129048634,1,66.2612864949239
2023-09-03,48.385640646055094,85.54256258422038,2079.3550858932545,1347.4454476066326,1,58.78971247229898
2023-09-03,48.385640646055094,85.88897274573415,2274.406253575709,1337.0313497913114,1,78.61864749230901
2023-09-03,48.73205080756887,85.54256258422038,87.01040686290418,88.30557989593134,0,90.73276041018403
2023-09-03,48.73205080756887,85.88897274573415,1814.3345846424365,1014.06594279575,1,104.58754026103598
2023-09-07,48.385640646055094,80.0,2933.8695967630524,2422.5923292213556,1,373.0312700236656
2023-09-07,48.385640646055094,80.34641016151377,2714.245870112661,2145.175142402327,1,347.5490290063163
2023-09-07,48.73205080756887,80.0,2804.3269366293243,2224.6585547365144,1,378.15982361494514
2023-09-07,48.73205080756887,80.34641016151377,2711.863719337937,2056.3436392666367,1,353.22495789124105
2023-09-07,48.73205080756887,80.69282032302755,2697.7420887675667,2090.6556128466955,1,328.38723224741364
2023-09-09,47.0,80.0,2660.19056368583,2332.667721489026,1,391.6412817545401
2023-09-09,47.0,80.34641016151377,2735.228928375847,2373.4986205468504,1,366.7769297734493
2023-09-09,47.0,80.69282032302755,2685.818049495499,2087.5102014966465,1,342.0812080964291
2023-09-09,47.0,81.03923048454132,2494.160201321086,1831.4925372148612,1,317.5940051150226
2023-09-09,47.346410161513774,80.0,2533.789103076229,2128.2038005382137,1,381.2861830437016
2023-09-09,47.346410161513774,80.34641016151377,2456.72842749035,1967.6403518831037,1,355.8718798635008
2023-09-09,47.346410161513774,80.69282032302755,2439.6189656767147,1696.2932220533505,1,330.535034378596
2023-09-09,47.346410161513774,81.03923048454132,2457.773558543622,1671.8223661447082,1,305.29550206060225
2023-09-09,47.69282032302755,80.0,2660.659068946076,2165.0273124361534,1,374.6191119349818
2023-09-09,47.69282032302755,80.34641016151377,2728.9779345532625,2140.2536246388954,1,348.8965313339888
2023-09-09,47.69282032302755,80.69282032302755,2486.013767269583,1848.7799822587056,1,323.19065428376916
2023-09-09,47.69282032302755,81.03923048454132,2567.4421406145466,1948.2545601935262,1,297.50639474665246
2023-09-11,47.0,82.07846096908264,2929.8558918258987,2103.050124515667,1,246.01057525783426
2023-09-11,47.0,82.42487113059642,2791.9554089009644,1972.2243616620133,1,223.11251922330297
2023-09-11,47.0,82.77128129211019,2580.021980872544,1754.3521558258897,1,200.97434938181047
2023-09-11,47.0,83.11769145362396,2802.5659208805155,1990.160963050181,1,179.8773704632817
2023-09-11,47.0,83.46410161513774,2831.1501900255366,2092.577225722397,1,160.23387230080854
2023-09-11,47.346410161513774,82.07846096908264,2427.001651151523,1936.445368847752,1,230.48675977762431
2023-09-11,47.346410161513774,82.42487113059642,2679.9824537318605,2230.3290170872465,1,206.03956971884844
2023-09-11,47.346410161513774,82.77128129211019,2878.612834215582,2419.706841114175,1,182.00307304841758
2023-09-11,47.346410161513774,83.11769145362396,2998.537196718488,2523.9734254622213,1,158.5647369351769
2023-09-11,47.346410161513774,83.46410161513774,3029.7068116868077,2581.3317604631193,1,136.03468466174027
2023-09-11,47.69282032302755,82.07846096908264,2405.8781709356335,1900.4413351250325,1,220.66575049343547
2023-09-11,47.69282032302755,82.42487113059642,2864.4544071761256,2404.4989506593715,1,195.1715982694235
2023-09-11,47.69282032302755,82.77128129211019,2957.7723565660194,2517.528382827091,1,169.78313492716265
2023-09-11,47.69282032302755,83.11769145362396,3314.294001155269,2957.7281657986277,1,144.55670191235706
2023-09-11,47.69282032302755,83.46410161513774,3092.4286631962664,2708.158292961164,1,119.59554177652433
2023-09-12,48.385640646055094,80.0,2918.7958709168056,2334.2842111911573,1,373.0312700236656
2023-09-12,48.385640646055094,80.34641016151377,2701.242341550068,2108.248506291834,1,347.5490290063163
2023-09-12,48.73205080756887,80.0,2819.0687934636435,2158.249078979877,1,378.15982361494514
2023-09-12,48.73205080756887,80.34641016151377,2759.8061499906435,2079.442771394574,1,353.22495789124105
2023-09-12,48.73205080756887,80.69282032302755,3285.957277968517,2723.5059597071972,1,328.38723224741364
2023-09-17,47.346410161513774,80.0,2599.607175455488,2289.8617627216368,1,381.2861830437016
2023-09-17,47.69282032302755,80.0,2697.1129704537634,2299.464420837202,1,374.6191119349818
2023-09-18,47.69282032302755,84.15692193816528,555.2708273017796,498.0953748656826,0,71.58828789577724
2023-09-18,47.69282032302755,84.50333209967906,2578.3663644288017,2023.9895626865373,1,50.40241245909486
2023-09-18,47.69282032302755,84.84974226119283,2946.6525705670133,2507.0551546493007,1,35.950224083182356
2023-09-18,47.69282032302755,85.1961524227066,3107.1399085581943,2773.60379030276,1,37.16119382086015
2023-09-18,47.69282032302755,85.54256258422038,3709.834378943421,3579.008588736379,1,52.9717712245952
2023-09-18,48.03923048454132,84.15692193816528,3287.38262033291,2797.667777190013,1,62.855701147977875
2023-09-18,48.03923048454132,84.50333209967906,2693.8847140271255,2269.74631628138,1,37.19659883568785
2023-09-18,48.03923048454132,84.84974226119283,2325.710343985149,1895.0225774866908,1,11.996713034757265
2023-09-18,48.03923048454132,85.1961524227066,2477.2277318446177,2013.2344829212389,1,15.227169283403692
2023-09-18,48.03923048454132,85.54256258422038,3551.374038913652,3244.8411188746877,1,40.5884450389428
2023-09-18,48.385640646055094,84.15692193816528,2791.818406642917,2214.21050937875,1,75.79006724995921
2023-09-18,48.385640646055094,84.50333209967906,2644.5176478688386,1929.0913647007928,1,56.517008770545985
2023-09-18,48.385640646055094,84.84974226119283,2417.933427744434,1599.4138317581312,1,44.304123967601406
2023-09-18,48.385640646055094,85.1961524227066,2428.223404862112,1608.311406069164,1,45.27922992562592
2023-09-18,48.385640646055094,85.54256258422038,1919.0669770686966,1246.5353474227968,1,58.78971247229898
2023-09-18,48.73205080756887,84.50333209967906,1899.55694980695,1301.6862934362935,1,89.28694824767813
2023-09-18,48.73205080756887,84.84974226119283,2611.092628654885,1823.9695438013682,1,82.15364533769188
2023-09-18,48.73205080756887,85.1961524227066,2246.9497839625724,1497.8737089901367,1,82.67998706407322
2023-09-18,48.73205080756887,85.54256258422038,32.459130623610854,14.726445341440355,0,90.73276041018403
2023-09-19,48.385640646055094,80.0,3211.804766998913,2552.9006114674817,1,373.0312700236656
2023-09-19,48.385640646055094,80.34641016151377,3191.475481587025,2397.281325292397,1,347.5490290063163
2023-09-19,48.385640646055094,80.69282032302755,3411.0680000724706,2813.3636144268708,1,322.09405719972335
2023-09-19,48.385640646055094,81.03923048454132,3671.9934675519403,2927.206691552184,1,296.673958156285
2023-09-19,48.73205080756887,80.0,2867.4539125704778,2183.754166412608,1,378.15982361494514
2023-09-19,48.73205080756887,80.34641016151377,2952.282727138079,2241.592487908375,1,353.22495789124105
2023-09-19,48.73205080756887,80.69282032302755,2919.894041881747,2375.8080340730717,1,328.38723224741364
2023-09-19,48.73205080756887,81.03923048454132,2770.440029913165,2134.9894457900937,1,303.671053369724
2023-09-24,47.0,80.69282032302755,2835.3197479907603,2300.417690266213,1,342.0812080964291
2023-09-24,47.0,81.03923048454132,2414.2100023733174,1866.5176048120277,1,317.5940051150226
2023-09-24,47.0,81.3856406460551,2510.24461640992,2045.9262510403107,1,293.36808799124566
2023-09-24,47.0,81.73205080756887,2387.540945168188,1839.5681908516751,1,269.47448162886354
2023-09-24,47.0,82.07846096908264,2083.1367384619116,1396.536613446323,1,246.01057525783426
2023-09-27,47.69282032302755,80.0,2151.43257419006,1650.977251332812,1,374.6191119349818
2023-09-28,47.69282032302755,84.15692193816528,497.6015082595163,432.3451775642913,0,71.58828789577724
2023-09-28,47.69282032302755,84.50333209967906,2396.861249495786,1834.919531981023,1,50.40241245909486
2023-09-28,47.69282032302755,84.84974226119283,2755.1759306596487,2320.4931163781694,1,35.950224083182356
2023-09-28,47.69282032302755,85.1961524227066,2924.8321240685978,2587.5467214476016,1,37.16119382086015
2023-09-28,47.69282032302755,85.54256258422038,3543.7961966267194,3395.531343983983,1,52.9717712245952
2023-09-28,48.03923048454132,84.15692193816528,2993.259494218545,2498.7599818985677,1,62.855701147977875
2023-09-28,48.03923048454132,84.50333209967906,2384.9678269643364,1954.6928197425966,1,37.19659883568785
2023-09-28,48.03923048454132,84.84974226119283,2069.4140483334904,1644.4749272301362,1,11.996713034757265
2023-09-28,48.03923048454132,85.1961524227066,2207.533133117383,1752.2523168794762,1,15.227169283403692
2023-09-28,48.03923048454132,85.54256258422038,3348.454498774448,3034.8492926449544,1,40.5884450389428
2023-09-28,48.385640646055094,84.15692193816528,2618.865001491252,2046.966650973442,1,75.79006724995921
2023-09-28,48.385640646055094,84.50333209967906,2468.1262685150496,1793.2028312856298,1,56.517008770545985
2023-09-28,48.385640646055094,84.84974226119283,1940.6485702133477,1316.3269638758024,1,44.304123967601406
2023-09-28,48.385640646055094,85.1961524227066,1487.1860778580485,1035.455036829747,1,45.27922992562592
2023-09-28,48.385640646055094,85.54256258422038,1292.5836721797484,874.9322923432723,1,58.78971247229898
2023-09-28,48.73205080756887,84.50333209967906,2190.8513513513512,1484.2664092664095,1,89.28694824767813
2023-09-28,48.73205080756887,84.84974226119283,1237.7651565050548,864.4693146997336,1,82.15364533769188
2023-09-28,48.73205080756887,85.1961524227066,768.4630352513484,681.8710271462203,1,82.67998706407322
2023-09-28,48.73205080756887,85.54256258422038,22.31390670107043,9.853575351914774,0,90.73276041018403
2023-09-29,47.0,82.07846096908264,2711.511234083543,2082.5262740690937,1,246.01057525783426
2023-09-29,47.0,82.42487113059642,4596.73630887817,3859.1781172832398,1,223.11251922330297
2023-09-29,47.346410161513774,82.07846096908264,2103.2788854867345,1654.4791000747994,1,230.48675977762431
2023-09-29,47.346410161513774,82.42487113059642,2014.591645038389,1596.290290085968,1,206.03956971884844
2023-09-29,47.69282032302755,82.07846096908264,2154.703771870529,1626.0632599777218,1,220.66575049343547
2023-09-29,47.69282032302755,82.42487113059642,2531.858167471501,2010.818937733108,1,195.1715982694235
